model,dataset_split_method,seed,accuracy,precision_macro,recall_macro,f1_macro,f1_weighted,roc_auc_ovr,specificity_macro,total_params,quantum_parameters,qubits,circuit_depth,training_time_sec,inference_time_sec
simple_cnn,patient_level,42,0.4166666666666667,0.25,0.41666666666666663,0.29166666666666663,0.2916666666666667,0.8125,0.8055555555555556,24068,0,0,0,1.4699053764343262,0.055887460708618164
resnet18,patient_level,42,0.75,0.8506493506493507,0.7500000000000001,0.7059411177058236,0.7059411177058236,0.9328703703703705,0.9166666666666667,11178564,0,0,0,7.631420135498047,0.1862485408782959
mobilenet_v2,patient_level,42,0.25,0.0625,0.25,0.1,0.10000000000000002,0.43865740740740744,0.75,2228996,0,0,0,5.194533824920654,0.10357427597045898
classical_proposed,patient_level,42,0.25,0.0625,0.25,0.1,0.10000000000000002,0.5208333333333333,0.75,2265340,0,0,0,4.940664529800415,0.1143040657043457
hybrid,patient_level,42,0.25,0.0625,0.25,0.1,0.10000000000000002,0.5208333333333333,0.75,2244520,8,4,4,5.190563440322876,0.12236833572387695
simple_cnn,patient_level,42,0.4583333333333333,0.26041666666666663,0.45833333333333337,0.32154882154882153,0.32154882154882153,0.8153935185185186,0.8194444444444444,24068,0,0,0,16.559264659881592,10.959996461868286
hybrid,patient_level,42,0.25,0.0625,0.25,0.1,0.10000000000000002,0.5104166666666667,0.75,2244520,8,4,4,94.13050484657288,0.7927520275115967
simple_cnn,patient_level,42,0.4583333333333333,0.26041666666666663,0.45833333333333337,0.32154882154882153,0.32154882154882153,0.8148148148148149,0.8194444444444444,24068,0,0,0,7.785165548324585,0.1361560821533203
resnet18,patient_level,42,0.75,0.7455357142857143,0.75,0.7403846153846154,0.7403846153846153,0.8993055555555555,0.9166666666666667,11178564,0,0,0,24.265223741531372,0.34351015090942383
mobilenet_v2,patient_level,42,0.25,0.0625,0.25,0.1,0.10000000000000002,0.4852430555555555,0.75,2228996,0,0,0,19.69524621963501,0.3109316825866699
classical_proposed,patient_level,42,0.25,0.0625,0.25,0.1,0.10000000000000002,0.5,0.75,2265340,0,0,0,14.629758834838867,0.32802748680114746
hybrid,patient_level,42,0.25,0.0625,0.25,0.1,0.10000000000000002,0.48611111111111116,0.75,2244520,8,4,4,23.648054361343384,0.4470992088317871
hybrid,patient_level,42,0.25,0.0625,0.25,0.1,0.10000000000000002,0.4965277777777778,0.75,2244520,8,4,4,5.70426607131958,0.6076860427856445
hybrid,patient_level,1,0.25,0.0625,0.25,0.1,0.10000000000000002,0.5,0.75,2244520,8,4,4,5.778825283050537,0.19148516654968262
hybrid,patient_level,7,0.25,0.0625,0.25,0.1,0.10000000000000002,0.4965277777777778,0.75,2244520,8,4,4,5.508893251419067,0.17049479484558105
hybrid,patient_level,42,0.25,0.0625,0.25,0.1,0.10000000000000002,0.4965277777777778,0.75,2244520,8,4,4,5.064898729324341,0.15448999404907227
hybrid,patient_level,1,0.25,0.0625,0.25,0.1,0.10000000000000002,0.5,0.75,2244520,8,4,4,5.123029708862305,0.15380072593688965
hybrid,patient_level,7,0.25,0.0625,0.25,0.1,0.10000000000000002,0.4965277777777778,0.75,2244520,8,4,4,5.256891489028931,0.15566349029541016
gnn_hybrid,patient_level,42,0.25,0.0625,0.25,0.1,0.10000000000000002,0.5717592592592593,0.75,2504,8,4,4,7.997840881347656,0.6634695529937744
hybrid,patient_level,42,0.25,0.0625,0.25,0.1,0.10000000000000002,0.4965277777777778,0.75,2244520,8,4,4,6.652008533477783,0.4001128673553467
hybrid,patient_level,1,0.25,0.0625,0.25,0.1,0.10000000000000002,0.5,0.75,2244520,8,4,4,7.145009517669678,0.1723918914794922
hybrid,patient_level,7,0.25,0.0625,0.25,0.1,0.10000000000000002,0.4965277777777778,0.75,2244520,8,4,4,5.902221441268921,0.17269492149353027
gnn_hybrid,patient_level,42,0.25,0.0625,0.25,0.1,0.10000000000000002,0.5717592592592593,0.75,2504,8,4,4,8.013426065444946,0.650259256362915
gnn_hybrid,patient_level,1,0.25,0.0625,0.25,0.1,0.10000000000000002,0.6180555555555556,0.75,2504,8,4,4,8.138948678970337,0.6342864036560059
gnn_hybrid,patient_level,7,0.25,0.0625,0.25,0.1,0.10000000000000002,0.6510416666666667,0.75,2504,8,4,4,8.447394609451294,0.6250011920928955
hybrid,patient_level,42,0.25,0.0625,0.25,0.1,0.10000000000000002,0.4965277777777778,0.75,2244520,8,4,4,5.872103691101074,0.16287994384765625
hybrid,patient_level,1,0.25,0.0625,0.25,0.1,0.10000000000000002,0.5,0.75,2244520,8,4,4,5.860764026641846,0.19576811790466309
hybrid,patient_level,7,0.25,0.0625,0.25,0.1,0.10000000000000002,0.4965277777777778,0.75,2244520,8,4,4,6.175344467163086,0.16566920280456543
gnn_hybrid,patient_level,42,0.25,0.0625,0.25,0.1,0.10000000000000002,0.5717592592592593,0.75,2504,8,4,4,8.337064027786255,1.0131583213806152
gnn_hybrid,patient_level,1,0.25,0.0625,0.25,0.1,0.10000000000000002,0.6180555555555556,0.75,2504,8,4,4,13.609086751937866,1.0349223613739014
gnn_hybrid,patient_level,7,0.25,0.0625,0.25,0.1,0.10000000000000002,0.6510416666666667,0.75,2504,8,4,4,12.330941677093506,0.9976036548614502
hybrid,patient_level,42,0.3096446700507614,0.07741116751269035,0.25,0.1182170542635659,0.14642112304725927,0.5122258771929824,0.75,2244520,8,4,4,6.111907005310059,2.5578534603118896
hybrid,patient_level,1,0.3096446700507614,0.07741116751269035,0.25,0.1182170542635659,0.14642112304725927,0.5,0.75,2244520,8,4,4,6.062146425247192,0.7202785015106201
hybrid,patient_level,7,0.233502538071066,0.0583756345177665,0.25,0.09465020576131687,0.0884042530968645,0.4965095029239766,0.75,2244520,8,4,4,6.150668382644653,0.6855456829071045
gnn_hybrid,patient_level,42,0.3096446700507614,0.07741116751269035,0.25,0.1182170542635659,0.14642112304725927,0.46300474372063755,0.75,2504,8,4,4,8.439948320388794,2.859736919403076
gnn_hybrid,patient_level,1,0.22842639593908629,0.05710659898477157,0.25,0.09297520661157024,0.0849519654318916,0.38830992364739686,0.75,2504,8,4,4,8.283262014389038,2.8538196086883545
gnn_hybrid,patient_level,7,0.22842639593908629,0.05710659898477157,0.25,0.09297520661157024,0.0849519654318916,0.5358002037153382,0.75,2504,8,4,4,8.041249513626099,2.7769405841827393
hybrid,stratified_image_level,42,0.43707093821510296,0.33254273193199047,0.472962962962963,0.32843841026703813,0.3079747622281804,0.7586566682366886,0.8165859248963193,2244520,8,4,4,268.8747079372406,13.202958106994629
hybrid,stratified_image_level,1,0.6430205949656751,0.4872939215170143,0.6387654320987655,0.5462094456474272,0.5591784238934258,0.8369964036999443,0.8814644866730861,2244520,8,4,4,175.44341444969177,7.545128345489502
hybrid,stratified_image_level,7,0.631578947368421,0.5480459806642102,0.6198202614379085,0.5515771698311837,0.5667313127596306,0.807362114471227,0.8772524666153775,2244520,8,4,4,157.5856592655182,4.520000696182251
gnn_hybrid,stratified_image_level,7,0.36613272311212813,0.35756675865459103,0.3884204793028323,0.34274248528435547,0.3292254565784841,0.6603357498991743,0.7917743948717904,2504,8,4,4,222.99785733222961,18.558073043823242
hybrid,patient_level,42,0.25,0.0625,0.25,0.1,0.10000000000000002,0.5746527777777777,0.75,2244464,2,2,2,17.070045948028564,0.15900444984436035
hybrid,patient_level,1,0.25,0.0625,0.25,0.1,0.10000000000000002,0.8211805555555556,0.75,2244464,2,2,2,14.776693344116211,0.14400410652160645
hybrid,patient_level,7,0.22916666666666666,0.06547619047619048,0.22916666666666666,0.10185185185185185,0.10185185185185185,0.4722222222222222,0.7430555555555556,2244464,2,2,2,15.546552181243896,0.14400005340576172
hybrid,patient_level,42,0.25,0.0625,0.25,0.1,0.10000000000000002,0.5746527777777777,0.75,2244464,2,2,1,15.30005145072937,0.1399998664855957
hybrid,patient_level,1,0.25,0.0625,0.25,0.1,0.10000000000000002,0.8211805555555556,0.75,2244464,2,2,1,15.250916719436646,0.1419992446899414
mobilenet_v2,stratified_image_level,42,0.9720605355064028,0.9731080874484024,0.9710643631505891,0.9719032353383865,0.9720990870730999,0.9972496070058721,0.9905998842567507,2228996,0,0,0,642.9063971042633,3.7701966762542725
hybrid,stratified_image_level,42,0.729918509895227,0.5652697927895556,0.728628174747843,0.6323537827338594,0.6318797745922892,0.9552361561987314,0.9088707865026793,2244520,8,4,4,507.30531001091003,4.334424734115601
hybrid,stratified_image_level,42,0.7357392316647264,0.562872251347022,0.7125718966246134,0.6250731320958831,0.6485018376047444,0.9619485354537967,0.9120121275701846,2265364,24,8,6,799.3744602203369,4.405999422073364
hybrid,stratified_image_level,42,0.959254947613504,0.9597640610024512,0.9576370025964511,0.9582512985071525,0.9594712519487166,0.9846345816384456,0.9864890707436593,2265492,24,8,6,802.382354259491,5.039508581161499
hybrid,stratified_image_level,42,0.959254947613504,0.9597640610024512,0.9576370025964511,0.9582512985071525,0.9594712519487166,0.9846345816384456,0.9864890707436593,2265492,24,8,6,680.4705758094788,3.874295473098755
hybrid,stratified_image_level,1,0.940628637951106,0.9424822539861906,0.9389103762201352,0.9402797806678981,0.9409495507382782,0.9904120344600613,0.9801266045334847,2265492,24,8,6,688.4310631752014,4.293478012084961
hybrid,stratified_image_level,7,0.7578579743888242,0.6212799294123165,0.7350711595799123,0.6592903110047846,0.6826730180303122,0.935373756013606,0.9194563918807264,2265492,24,8,6,689.7916631698608,3.8680009841918945
hybrid,stratified_image_level,7,0.7485448195576252,0.6051500847252481,0.7255828215739937,0.6493910284469699,0.6728334411677142,0.9314845303495876,0.9163502856776353,2265492,24,8,6,642.5137100219727,4.942315578460693
